Pdt,DATE,poo1,poo2,poo3,temp
1,10/26/10,NA,5.041333333,NA,5.041333333
2,10/27/10,NA,4.085125,NA,4.085125
3,10/28/10,NA,4.03765625,NA,4.03765625
4,10/29/10,NA,3.796947917,NA,3.796947917
5,10/30/10,NA,2.909489583,NA,2.909489583
6,10/31/10,NA,2.011229167,NA,2.011229167
7,11/01/10,NA,1.574083333,NA,1.574083333
8,11/02/10,NA,2.077770833,NA,2.077770833
9,11/03/10,NA,3.10140625,NA,3.10140625
10,11/04/10,NA,4.126427083,NA,4.126427083
11,11/05/10,NA,3.742635417,NA,3.742635417
12,11/06/10,NA,4.267770833,NA,4.267770833
13,11/07/10,NA,2.080076087,NA,2.080076087
14,11/07/10,NA,3.482739583,NA,3.482739583
15,11/07/10,NA,2.080076087,NA,2.080076087
16,11/07/10,NA,3.482739583,NA,3.482739583
17,11/08/10,NA,3.724520833,NA,3.724520833
18,11/09/10,NA,2.593697917,NA,2.593697917
19,11/10/10,NA,2.156510417,NA,2.156510417
20,11/11/10,NA,2.254927083,NA,2.254927083
21,11/12/10,NA,2.7009375,NA,2.7009375
22,11/13/10,NA,3.3423125,NA,3.3423125
23,11/14/10,NA,3.341927083,NA,3.341927083
24,11/15/10,NA,3.600645833,NA,3.600645833
25,11/16/10,NA,4.48190625,NA,4.48190625
26,11/17/10,NA,3.848,NA,3.848
27,11/18/10,NA,3.861177083,NA,3.861177083
28,11/19/10,NA,4.116510417,NA,4.116510417
29,11/20/10,NA,4.209364583,NA,4.209364583
30,11/21/10,NA,3.293885417,NA,3.293885417
31,11/22/10,NA,3.301229167,NA,3.301229167
32,11/23/10,NA,3.382395833,NA,3.382395833
33,11/24/10,NA,2.879739583,NA,2.879739583
34,11/25/10,NA,1.570489583,NA,1.570489583
35,11/26/10,NA,1.627875,NA,1.627875
36,11/27/10,NA,1.642385417,NA,1.642385417
37,11/28/10,NA,3.14075,NA,3.14075
38,11/29/10,NA,4.067208333,NA,4.067208333
39,11/30/10,NA,4.379114583,NA,4.379114583
40,12/01/10,NA,3.056416667,NA,3.056416667
41,12/02/10,NA,1.769625,NA,1.769625
42,12/03/10,NA,2.078927083,NA,2.078927083
43,12/04/10,NA,2.564364583,NA,2.564364583
44,12/05/10,NA,1.61325,NA,1.61325
45,12/06/10,NA,2.536916667,NA,2.536916667
46,12/07/10,NA,2.7936875,NA,2.7936875
47,12/08/10,NA,4.1446875,NA,4.1446875
48,12/09/10,NA,3.658239583,NA,3.658239583
49,12/10/10,NA,3.656989583,NA,3.656989583
50,12/11/10,NA,4.8241875,NA,4.8241875
51,12/12/10,NA,4.557770833,NA,4.557770833
52,12/13/10,NA,4.85209375,NA,4.85209375
53,12/14/10,NA,4.020322917,NA,4.020322917
54,12/15/10,NA,1.760614583,NA,1.760614583
55,12/16/10,NA,1.54521875,NA,1.54521875
56,12/17/10,NA,1.9809375,NA,1.9809375
57,12/18/10,NA,2.043770833,NA,2.043770833
58,12/19/10,NA,1.837041667,NA,1.837041667
59,12/20/10,NA,1.31978125,NA,1.31978125
60,12/21/10,NA,1.400395833,NA,1.400395833
61,12/22/10,NA,1.545395833,NA,1.545395833
62,12/23/10,NA,1.830375,NA,1.830375
63,12/24/10,NA,1.8358125,NA,1.8358125
64,12/25/10,NA,1.00825,NA,1.00825
65,12/26/10,NA,2.40009375,NA,2.40009375
66,12/27/10,NA,3.705854167,NA,3.705854167
67,12/28/10,NA,3.4336875,NA,3.4336875
68,12/29/10,NA,3.958177083,NA,3.958177083
69,12/30/10,NA,3.389739583,NA,3.389739583
70,12/31/10,NA,2.762729167,NA,2.762729167
71,01/01/11,NA,3.25590625,NA,3.25590625
72,01/02/11,NA,3.633177083,NA,3.633177083
73,01/03/11,NA,1.588822917,NA,1.588822917
74,01/04/11,NA,1.481979167,NA,1.481979167
75,01/05/11,NA,1.124385417,NA,1.124385417
76,01/06/11,NA,1.170395833,NA,1.170395833
77,01/07/11,NA,1.91475,NA,1.91475
78,01/08/11,NA,1.4866875,NA,1.4866875
79,01/09/11,NA,1.294802083,NA,1.294802083
80,01/10/11,NA,1.461614583,NA,1.461614583
81,01/11/11,NA,1.511041667,NA,1.511041667
82,01/12/11,NA,1.598604167,NA,1.598604167
83,1/13/11,NA,1.8115,NA,1.8115
84,1/14/11,NA,2.759833333,NA,2.759833333
85,1/15/11,NA,3.193645833,NA,3.193645833
86,1/16/11,NA,2.729177083,NA,2.729177083
87,1/17/11,NA,1.944416667,NA,1.944416667
88,1/18/11,NA,1.182364583,NA,1.182364583
89,1/19/11,-0.799580952,1.343625,3.391685809,1.343625
90,1/20/11,2.920114583,1.466572917,4.389937274,1.466572917
91,1/21/11,4.888041667,1.55971875,4.918068158,1.55971875
92,1/22/11,4.592670139,2.216375,4.838799557,2.216375
93,1/23/11,2.660770833,3.102354167,4.320337417,3.102354167
94,1/24/11,3.588225694,3.589729167,4.569237673,3.589729167
95,1/25/11,4.491173611,4.092208333,4.811561022,4.092208333
96,1/26/11,3.149569444,3.436510417,4.451515876,3.436510417
97,1/27/11,-0.3824375,2.503385417,3.503634236,2.503385417
98,1/28/11,1.635690972,2.441677083,4.045237623,2.441677083
99,1/29/11,0.895354167,2.131270833,3.846554077,2.131270833
100,1/30/11,0.912576389,2.220875,3.85117599,2.220875
101,1/31/11,-0.979795139,3.030760417,3.343321885,3.030760417
102,02/01/11,-2.284798611,1.833625,2.993099235,1.833625
103,02/02/11,-4.739461806,2.64890625,2.334343403,2.64890625
104,02/03/11,-4.385173611,3.459822917,2.429423418,3.459822917
105,02/04/11,-1.583979167,3.31725,3.181177541,3.31725
106,02/05/11,-2.029888889,3.339239583,3.061509136,3.339239583
107,02/06/11,-4.450333333,3.808104167,2.41193656,3.808104167
108,02/07/11,-2.712392361,2.62028125,2.878346271,2.62028125
109,02/08/11,0.464184028,2.370125,3.730841321,2.370125
110,02/09/11,3.151041667,3.63109375,4.451910975,3.63109375
111,02/10/11,4.675135417,2.124385417,4.860930692,2.124385417
112,02/11/11,4.737253472,2.522875,4.877601261,2.522875
113,02/12/11,4.609923611,3.595947917,4.843429857,3.595947917
114,2/13/11,5.686027778,3.190947917,5.132222998,3.190947917
115,2/14/11,6.258416667,3.64225,5.285834508,3.64225
116,2/15/11,6.0476875,4.047645833,5.229281304,4.047645833
117,2/16/11,5.800767361,3.668510417,5.163015561,3.668510417
118,2/17/11,5.449302083,2.796260417,5.068693129,2.796260417
119,2/18/11,5.400930556,2.92353125,5.055711704,2.92353125
120,2/19/11,4.683569444,3.233020833,4.863194125,3.233020833
121,2/20/11,6.415339819,3.761302083,5.327947838,3.761302083
122,2/21/11,15.18387107,3.532270833,7.681150963,3.532270833
123,2/22/11,6.691289112,2.55865625,5.402004111,2.55865625
124,2/23/11,3.478288194,2.19234375,4.539733842,2.19234375
125,2/24/11,1.430256944,2.8970625,3.990105472,2.8970625
126,2/25/11,-0.959736111,2.4904375,3.348705108,2.4904375
127,2/26/11,1.234565972,3.28909375,3.937588055,3.28909375
128,2/27/11,1.490868056,2.277822917,4.006371623,2.277822917
129,2/28/11,0.251829861,2.383145833,3.673852017,2.383145833
130,03/01/11,0.442958333,2.187947917,3.725145,2.187947917
131,03/02/11,2.797444444,2.287760417,4.357016395,2.287760417
132,03/03/11,0.582746528,3.202052083,3.762659836,3.202052083
133,03/04/11,0.602954861,3.053239583,3.768083129,3.053239583
134,03/05/11,0.733288194,2.322010417,3.803060573,2.322010417
135,03/06/11,-1.297923611,1.741697917,3.257946022,1.741697917
136,03/07/11,-2.522173611,3.456458333,2.929395112,3.456458333
137,03/08/11,-1.9934375,3.372635417,3.071291563,3.372635417
138,03/09/11,-2.695385417,3.0445625,2.88291041,3.0445625
139,03/10/11,-2.015263889,3.799947917,3.065434034,3.799947917
140,03/11/11,-3.613736111,4.2500625,2.636453431,4.2500625
141,03/12/11,-0.00241,3.73055,3.605621886,3.73055
142,3/14/11,1.953333333,1.20953125,4.130483028,1.20953125
143,3/15/11,-2.275309028,1.23871875,2.995645946,1.23871875
144,3/16/11,-3.903795139,3.3213125,2.558610541,3.3213125
145,3/17/11,-4.047607639,3.539458333,2.520015705,3.539458333
146,3/18/11,-3.960923611,3.43584375,2.543279023,3.43584375
147,3/19/11,-1.5755625,3.751802083,3.183436315,3.751802083
148,3/20/11,-2.890006944,3.8586875,2.830679999,3.8586875
149,3/21/11,-0.917902778,3.613625,3.359931884,3.613625
150,3/22/11,-1.102857639,2.807395833,3.310295708,2.807395833
151,3/23/11,0.109652778,4.58159375,3.635696077,4.58159375
152,3/24/11,2.287961806,4.446375,4.220286981,4.446375
153,3/25/11,2.677982639,3.726291667,4.324956534,3.726291667
154,3/26/11,2.646125,4.288572917,4.316406927,4.288572917
155,3/27/11,2.53996875,3.992697917,4.287917866,3.992697917
156,3/28/11,3.051,4.08303125,4.425062879,4.08303125
157,3/29/11,4.326371528,4.284979167,4.76733323,4.284979167
158,3/30/11,3.211791667,2.921885417,4.4682144,2.921885417
159,3/31/11,3.261607639,2.507552083,4.481583469,2.507552083
160,04/01/11,3.265774306,3.885197917,4.482701674,3.885197917
161,04/02/11,3.14765625,4.232635417,4.451002433,4.232635417
162,04/03/11,1.648909722,4.474145833,4.048785128,4.474145833
163,04/04/11,2.010201389,4.25646875,4.145744659,4.25646875
164,04/05/11,4.6814375,4.588489583,4.862621977,4.588489583
165,04/06/11,2.996420139,3.639604167,4.410415329,3.639604167
166,04/07/11,3.887430556,2.758958333,4.649535022,2.758958333
167,04/08/11,4.395902778,2.952895833,4.785993271,2.952895833
168,04/09/11,5.342541667,2.110114583,5.040041929,2.110114583
169,04/10/11,2.819434028,2.989385417,4.36291772,2.989385417
170,04/11/11,1.855760417,3.26934375,4.104297469,3.26934375
171,04/12/11,3.043527778,4.086166667,4.423057566,4.086166667
172,4/13/11,3.135975694,3.130583333,4.447867733,3.130583333
173,4/14/11,2.398010417,2.69871875,4.249820631,2.69871875
174,4/15/11,1.365378472,3.46565625,3.972694092,3.46565625
175,4/16/11,3.638868056,4.049510417,4.58282852,4.049510417
176,4/17/11,1.699881944,4.257364583,4.062464499,4.257364583
177,4/18/11,0.924972222,4.316625,3.854502649,4.316625
178,4/19/11,1.811065972,4.02734375,4.09230286,4.02734375
179,4/20/11,3.070947917,3.668354167,4.430416285,3.668354167
180,4/21/11,3.040878472,3.763239583,4.422346574,3.763239583
181,4/22/11,4.507704861,3.1181875,4.815997499,3.1181875
182,4/23/11,2.038402778,4.172385417,4.153313041,4.172385417
183,4/24/11,2.189819444,3.507072917,4.193948601,3.507072917
184,4/25/11,1.699607639,3.96075,4.062390884,3.96075
185,4/26/11,4.408253472,4.270510417,4.789307816,4.270510417
186,4/27/11,5.860368056,4.146260417,5.179010548,4.146260417
187,4/28/11,3.508704861,4.204385417,4.547896736,4.204385417
188,4/29/11,4.821243056,4.6280625,4.900141473,4.6280625
189,4/30/11,2.532409722,3.933854167,4.285889256,3.933854167
190,05/01/11,4.751829861,4.708875,4.881513114,4.708875
191,05/02/11,10.24423264,5.19303125,6.355504483,5.19303125
192,05/03/11,10.18610069,5.734760417,6.339903663,5.734760417
193,05/04/11,5.632277778,5.728302083,5.117798158,5.728302083
194,05/05/11,7.181138889,6.01321875,5.53346467,6.01321875
195,05/06/11,7.430354167,5.74734375,5.600346358,5.74734375
196,05/07/11,9.165232639,6.36403125,6.065934189,6.36403125
197,05/08/11,11.35821528,7.197385417,6.654463037,7.197385417
198,05/09/11,9.247649306,7.393791667,6.088052278,7.393791667
199,05/10/11,8.857152778,7.213916667,5.983255064,7.213916667
200,05/11/11,9.225756944,7.3778125,6.082177044,7.3778125
201,05/12/11,7.370288194,7.24315625,5.584226505,7.24315625
202,5/13/11,6.039680556,6.934427083,5.227132488,6.934427083
203,5/14/11,4.673534722,6.991697917,4.860501115,6.991697917
204,5/15/11,4.644871528,6.772541667,4.852808799,6.772541667
205,5/16/11,2.568440972,6.372895833,4.295558932,6.372895833
206,5/17/11,3.886107639,5.548989583,4.649179992,5.548989583
207,5/18/11,7.404329861,6.206791667,5.593362238,6.206791667
208,5/19/11,3.567708333,5.22621875,4.563731447,5.22621875
209,5/20/11,5.397114583,5.31959375,5.054687615,5.31959375
210,5/21/11,5.610868056,5.912989583,5.112052449,5.912989583
211,5/22/11,6.369729167,5.973989583,5.315707347,5.973989583
212,5/23/11,1.994295139,5.37125,4.141475913,5.37125
213,5/24/11,3.950274306,5.505875,4.666400345,5.505875
214,5/25/11,7.712166667,6.496666667,5.675976134,6.496666667
215,5/26/11,4.821204861,6.673895833,4.900131222,6.673895833
216,5/27/11,6.725989583,6.631885417,5.411316646,6.631885417
217,5/28/11,6.963583333,7.466083333,5.475079475,7.466083333
218,5/29/11,8.329506944,6.84178125,5.841651209,6.84178125
219,5/30/11,6.423041667,6.969260417,5.330014776,6.969260417
220,5/31/11,4.429517361,6.136916667,4.795014388,6.136916667
221,06/01/11,8.279725694,7.216114583,5.828291458,7.216114583
222,06/02/11,6.223496528,7.41515625,5.276463021,7.41515625
223,06/03/11,4.404993056,6.98196875,4.788432821,6.98196875
224,06/04/11,5.589774306,7.187729167,5.106391538,7.187729167
225,06/05/11,7.540666667,7.375510417,5.629950828,7.375510417
226,06/06/11,5.530611111,6.140927083,5.090513962,6.140927083
227,06/07/11,4.609871528,6.74428125,4.843415879,6.74428125
228,06/08/11,6.688086806,6.936875,5.40114471,6.936875
229,06/09/11,5.039822917,6.360947917,4.95880156,6.360947917
230,06/10/11,6.616697917,6.610322917,5.381986136,6.610322917
231,06/11/11,7.746013889,6.861052083,5.685059684,6.861052083
232,06/12/11,12.29272569,8.544895833,6.905256787,8.544895833
233,6/13/11,8.670697917,7.818708333,5.933216334,7.818708333
234,6/14/11,9.946173611,8.257791667,6.27551464,8.257791667
235,6/15/11,12.12832639,8.690020833,6.861137088,8.690020833
236,6/16/11,10.24269792,8.241020833,6.355092611,8.241020833
237,6/17/11,9.672597222,8.170822917,6.202095182,8.170822917
238,6/18/11,11.68023958,8.60059375,6.740884421,8.60059375
239,6/19/11,14.10398264,10.12258333,7.391342242,10.12258333
240,6/20/11,10.22279167,9.428635417,6.349750388,9.428635417
241,6/21/11,12.40915972,9.88728125,6.936504086,9.88728125
242,6/22/11,10.44997222,9.521145833,6.410718636,9.521145833
243,6/23/11,9.09209375,9.19115625,6.046305969,9.19115625
244,6/24/11,9.986927083,9.086802083,6.286451614,9.086802083
245,6/25/11,9.882315972,9.161020833,6.258377221,9.161020833
246,6/26/11,10.346875,8.960052083,6.383050524,8.960052083
247,6/27/11,10.87919097,8.915572917,6.5259077,8.915572917
248,6/28/11,10.28847569,8.991114583,6.367377953,8.991114583
249,6/29/11,11.75726042,9.537020833,6.761554435,9.537020833
250,6/30/11,14.66303819,10.13417708,7.541375497,10.13417708
251,07/01/11,9.947954861,9.72,6.275992673,9.72
252,07/02/11,11.12123958,9.726635417,6.590866076,9.726635417
253,07/03/11,8.86190625,9.231291667,5.984530749,9.231291667
254,07/04/11,9.450260417,8.779166667,6.142426846,8.779166667
255,07/05/11,15.79436111,9.93340625,7.844987646,9.93340625
256,07/06/11,13.35352778,10.7481875,7.189943322,10.7481875
257,07/07/11,13.90577778,11.310625,7.338150176,11.310625
258,07/08/11,12.13794097,11.10971875,6.863717346,11.10971875
259,07/09/11,13.15676042,10.99421875,7.137137036,10.99421875
260,07/10/11,10.82551389,11.00820833,6.511502428,11.00820833
261,07/11/11,11.62405556,10.36829167,6.725806362,10.36829167
262,07/12/11,8.348586806,9.477041667,5.846771655,9.477041667
263,7/13/11,8.960159722,9.121302083,6.010898948,9.121302083
264,7/14/11,12.94975694,9.855625,7.081583694,9.855625
265,7/15/11,15.30645486,11.08177083,7.714048669,11.08177083
266,7/16/11,14.34281944,11.46158333,7.455438669,11.46158333
267,7/17/11,15.400375,11.50948958,7.739253936,11.50948958
268,7/18/11,13.41279861,12.03846875,7.205849784,12.03846875
269,7/19/11,12.09627778,11.55426042,6.85253623,11.55426042
270,7/20/11,14.75372569,11.63917708,7.565713222,11.63917708
271,7/21/11,10.76517708,10.60729167,6.495309892,10.60729167
272,7/22/11,12.70499653,10.87854167,7.015897553,10.87854167
273,7/23/11,13.34181944,11.50715625,7.186801167,11.50715625
274,7/24/11,9.4351875,10.41190625,6.138381741,10.41190625
275,7/25/11,12.894375,11.16466667,7.066720889,11.16466667
276,7/26/11,9.478194444,10.4986875,6.149923477,10.4986875
277,7/27/11,9.824763889,9.949385417,6.242932018,9.949385417
278,7/28/11,9.3428125,9.90434375,6.113591142,9.90434375
279,7/29/11,9.139364583,9.765697917,6.058992001,9.765697917
280,7/30/11,10.61343056,9.539729167,6.454585808,9.539729167
281,7/31/11,10.58030903,9.694552083,6.445697012,9.694552083
282,08/01/11,9.140076389,9.328041667,6.059183028,9.328041667
283,08/02/11,10.49646181,9.455375,6.423195006,9.455375
284,08/03/11,10.48058333,9.349458333,6.418933714,9.349458333
285,08/04/11,11.54136806,9.643885417,6.703615589,9.643885417
286,08/05/11,11.85999306,10.0003125,6.789124704,10.0003125
287,08/06/11,14.47122144,10.80839583,7.489897802,10.80839583
288,08/07/11,14.68030903,11.03571875,7.546010455,11.03571875
289,08/08/11,12.92800347,11.00536458,7.075745733,11.00536458
290,08/09/11,13.37329514,11.06864583,7.195248272,11.06864583
291,08/10/11,12.73495139,11.39502083,7.023936513,11.39502083
292,08/11/11,11.13280556,10.9748125,6.593970026,10.9748125
293,08/12/11,10.90495486,10.75871875,6.532821933,10.75871875
294,8/13/11,11.73738889,10.79879167,6.75622153,10.79879167
295,8/14/11,9.321295139,9.869104167,6.107816547,9.869104167
296,8/15/11,8.839253472,9.549541667,5.978451443,9.549541667
297,8/16/11,8.708128472,9.618208333,5.94326154,9.618208333
298,8/17/11,11.03157986,9.489802083,6.566804174,9.489802083
299,8/18/11,9.396270833,10.08182292,6.127937709,10.08182292
300,8/19/11,10.15344792,10.27105208,6.331140666,10.27105208
301,8/20/11,10.04577778,9.7055625,6.302245324,9.7055625
302,8/21/11,8.151607639,9.50121875,5.793908527,9.50121875
303,8/22/11,7.578381944,9.290114583,5.640072445,9.290114583
304,8/23/11,9.5781875,9.26409375,6.176758527,9.26409375
305,8/24/11,10.61704861,9.350989583,6.455556782,9.350989583
306,8/25/11,10.28499306,9.045364583,6.366443321,9.045364583
307,8/26/11,8.717354167,8.995041667,5.945737432,8.995041667
308,8/27/11,8.406715278,9.054895833,5.862371543,9.054895833
309,8/28/11,8.046288194,9.052041667,5.765644039,9.052041667
310,8/29/11,9.771732639,9.783364583,6.228700068,9.783364583
311,8/30/11,9.946041667,9.762541667,6.27547923,9.762541667
312,8/31/11,10.21463889,9.43075,6.347562434,9.43075
313,09/01/11,9.452263889,9.078020833,6.142964516,9.078020833
314,09/02/11,10.53783333,8.91634375,6.434297847,8.91634375
315,09/03/11,11.44476389,9.230427083,6.677690013,9.230427083
316,09/04/11,12.20154514,9.254625,6.880786741,9.254625
317,09/05/11,9.910767361,9.493260417,6.266012696,9.493260417
318,09/06/11,9.560604167,9.154833333,6.172039703,9.154833333
319,09/07/11,5.506973563,8.1983125,5.084170374,8.1983125
320,09/08/11,4.179107639,6.803927083,4.727812148,6.803927083
321,09/09/11,6.317,6.321979167,5.301556466,6.321979167
322,09/10/11,7.607503472,6.222677083,5.647887764,6.222677083
323,09/11/11,9.206614583,6.696927083,6.077039825,6.696927083
324,09/12/11,9.426135417,7.031885417,6.135952441,7.031885417
325,9/13/11,7.224111111,6.599760417,5.544997088,6.599760417
326,9/14/11,7.111315972,6.949354167,5.514726355,6.949354167
327,9/15/11,8.111847222,7.90071875,5.783238058,7.90071875
328,9/16/11,9.077659722,8.404385417,6.042432321,8.404385417
329,9/17/11,10.00396875,8.716041667,6.291025071,8.716041667
330,9/18/11,6.580996528,8.028916667,5.372404985,8.028916667
331,9/19/11,7.385378472,8.017364583,5.58827627,8.017364583
332,9/20/11,6.039753472,7.66659375,5.227152056,7.66659375
333,9/21/11,7.426142361,7.44125,5.59921604,7.44125
334,9/22/11,6.367652778,7.034864583,5.315150108,7.034864583
335,9/23/11,7.342829861,7.386989583,5.576857536,7.386989583
336,9/24/11,7.722697917,7.574166667,5.678802397,7.574166667
337,9/25/11,7.859055556,7.904072917,5.715396578,7.904072917
338,9/26/11,7.064111111,7.891447917,5.502058027,7.891447917
339,9/27/11,6.199211806,7.369125,5.269945751,7.369125
340,9/28/11,7.805826389,7.843489583,5.701111513,7.843489583
341,9/29/11,7.633017361,7.7384375,5.654734904,7.7384375
342,9/30/11,7.701763889,7.766375,5.67318435,7.766375
343,10/01/11,5.383204861,7.206583333,5.050954675,7.206583333
344,10/02/11,7.344864583,7.27903125,5.577403593,7.27903125
345,10/03/11,5.695152778,7.250666667,5.134671867,7.250666667
346,10/04/11,3.017996528,6.67721875,4.416205766,6.67721875
347,10/05/11,1.9534375,6.418427083,4.130510983,6.418427083
348,10/06/11,3.115180556,6.019177083,4.442286959,6.019177083
349,10/07/11,3.277166667,5.45490625,4.485759032,5.45490625
350,10/08/11,4.8251875,5.778135417,4.90120004,5.778135417
351,10/09/11,2.686583333,6.044770833,4.327264695,6.044770833
352,10/10/11,0.535121528,5.41728125,3.749878756,5.41728125
353,10/11/11,2.093729167,4.857385417,4.168160936,4.857385417
354,10/12/11,4.9070625,5.336989583,4.923172763,5.336989583
355,10/13/11,6.583006944,6.384479167,5.372944519,6.384479167
356,10/14/11,3.175170139,6.003322917,4.458386312,6.003322917
357,10/15/11,2.298111111,5.712541667,4.223010741,5.712541667
358,10/16/11,2.240635417,5.698510417,4.207586039,5.698510417
359,10/17/11,1.108475694,5.587583333,3.903749317,5.587583333
360,10/18/11,-1.983138889,4.701666667,3.074055393,4.701666667
361,10/19/11,1.749375,5.466302083,4.075746907,5.466302083
362,10/20/11,4.1055625,5.617427083,4.708074903,5.617427083
363,10/21/11,3.418826389,5.717791667,4.523776128,5.717791667
364,10/22/11,3.116506944,5.680291667,4.442642921,5.680291667
365,10/23/11,2.420861111,5.407854167,4.255953052,5.407854167
366,10/24/11,0.180690972,4.874625,3.654760536,4.874625
367,10/25/11,3.869670139,4.731802083,4.644768674,4.731802083
368,10/26/11,5.863420139,5.631125,5.179829632,5.631125
369,10/27/11,4.462052083,5.86203125,4.803745703,5.86203125
370,10/28/11,3.365149306,5.830885417,4.509370856,5.830885417
371,10/29/11,4.001496528,5.565947917,4.680146808,5.565947917
372,10/30/11,3.74309375,5.427229167,4.610799479,5.427229167
373,10/31/11,3.62953125,5.4165625,4.580322809,5.4165625
374,11/01/11,0.271315972,4.987822917,3.679081488,4.987822917
375,11/02/11,-0.458715278,4.312927083,3.483163635,4.312927083
376,11/03/11,4.817861111,4.34971875,4.899233863,4.34971875
377,11/04/11,6.571243056,5.625875,5.369787455,5.625875
378,11/05/11,2.403628472,5.549041667,4.251328344,5.549041667
379,11/06/11,1.614202899,5.188956522,4.039470888,5.188956522
380,11/06/11,1.614202899,5.045979167,4.039470888,5.045979167
381,11/06/11,4.503666667,5.188956522,4.814913773,5.188956522
382,11/06/11,4.503666667,5.045979167,4.814913773,5.045979167
383,11/07/11,6.182774306,5.763625,5.265534433,5.763625
384,11/08/11,6.125208333,6.01725,5.250085503,6.01725
385,11/09/11,5.392829861,6.121375,5.053537728,6.121375
386,11/10/11,2.938875,5.478489583,4.39497199,5.478489583
387,11/11/11,6.50034375,5.889354167,5.350760269,5.889354167
388,11/12/11,5.761628472,6.142625,5.152511891,6.142625
389,11/13/11,6.79109375,6.223125,5.428788595,6.223125
390,11/14/11,7.696006944,6.790041667,5.671639364,6.790041667
391,11/15/11,6.450899306,6.5948125,5.337490907,6.5948125
392,11/16/11,5.42815625,6.3073125,5.06301824,6.3073125
393,11/17/11,4.599753472,6.1819375,4.840700505,6.1819375
394,11/18/11,4.215121528,6.098,4.737477164,6.098
395,11/19/11,3.211204861,5.8233125,4.468056919,5.8233125
396,11/20/11,1.105868056,5.155541667,3.903049507,5.155541667
397,11/21/11,1.072930556,4.810958333,3.894210099,4.810958333
398,11/22/11,0.096420139,5.1084375,3.632144845,5.1084375
399,11/23/11,-0.831267361,NA,3.383182155,3.383182155
400,11/24/11,-1.551625,NA,3.189860401,3.189860401
401,11/25/11,-3.391756944,NA,2.696025787,2.696025787
402,11/26/11,-1.532819444,NA,3.194907231,3.194907231
403,11/27/11,-0.795024306,NA,3.392908673,3.392908673
404,11/28/11,-4.942545139,NA,2.279842105,2.279842105
405,11/29/11,-7.474777778,NA,1.600269028,1.600269028
406,11/30/11,-5.692746528,NA,2.078511209,2.078511209
407,12/01/11,-3.344618056,NA,2.70867641,2.70867641
408,12/02/11,-4.017652778,NA,2.528054665,2.528054665
409,12/03/11,-2.874611111,NA,2.834811766,2.834811766
410,12/04/11,-3.269322917,NA,2.728883301,2.728883301
411,12/05/11,-2.083770833,NA,3.047048885,3.047048885
412,12/06/11,-3.227684028,NA,2.740057893,2.740057893
413,12/07/11,-1.701493056,NA,3.149640441,3.149640441
414,12/08/11,-5.837243056,NA,2.039732801,2.039732801
415,12/09/11,-5.925989583,NA,2.015915972,2.015915972
416,12/10/11,-0.041229167,NA,3.59520402,3.59520402
417,12/11/11,0.144895833,NA,3.645154225,3.645154225
418,12/12/11,0.317822917,NA,3.691562517,3.691562517
419,12/13/11,0.034854167,NA,3.615622439,3.615622439
420,12/14/11,-1.181496528,NA,3.289191458,3.289191458
421,12/15/11,-1.858729167,NA,3.107443122,3.107443122
422,12/16/11,-1.089444444,NA,3.313895396,3.313895396
423,12/17/11,0.667048611,NA,3.785283913,3.785283913
424,12/18/11,3.471347222,NA,4.537871099,4.537871099
425,12/19/11,3.662163194,NA,4.589080216,4.589080216
426,12/20/11,4.318583333,NA,4.765243119,4.765243119
427,12/21/11,4.224708333,NA,4.740049967,4.740049967
428,12/22/11,3.056552083,NA,4.426552887,4.426552887
429,12/23/11,4.784829861,NA,4.890369295,4.890369295
430,12/24/11,5.253427083,NA,5.016126325,5.016126325
431,12/25/11,4.978760417,NA,4.94241427,4.94241427
432,12/26/11,4.829055556,NA,4.902238107,4.902238107
433,12/27/11,2.670552083,NA,4.322962402,4.322962402
434,12/28/11,3.567475694,NA,4.563669014,4.563669014
435,12/29/11,3.945239583,NA,4.665049181,4.665049181
436,12/30/11,3.686229167,NA,4.59553878,4.59553878
437,12/31/11,4.337638889,NA,4.770357042,4.770357042
438,01/01/12,4.626354167,NA,4.847839311,4.847839311
439,01/02/12,4.611673611,NA,4.843899503,4.843899503
440,01/03/12,2.820072917,NA,4.363089178,4.363089178
441,01/04/12,3.159385417,NA,4.45415018,4.45415018
442,01/05/12,3.448576389,NA,4.53176011,4.53176011
443,01/06/12,2.958576389,NA,4.400259235,4.400259235
444,01/07/12,2.831788194,NA,4.366233197,4.366233197
445,01/08/12,3.719520833,NA,4.604473236,4.604473236
446,01/09/12,4.213736111,NA,4.737105361,4.737105361
447,01/10/12,5.76053125,NA,5.152217431,5.152217431
448,01/11/12,5.798732639,NA,5.162469504,5.162469504
449,01/12/12,3.745829861,NA,4.611533767,4.611533767
450,1/13/12,3.261600694,NA,4.481581605,4.481581605
451,1/14/12,6.425083333,NA,5.330562697,5.330562697
452,1/15/12,4.838199653,NA,4.9046921,4.9046921
453,1/16/12,0.804329861,NA,3.822125963,3.822125963
454,1/17/12,-1.297055556,NA,3.258178982,3.258178982
455,1/18/12,-2.456805556,NA,2.94693788,2.94693788
456,1/19/12,-1.32575,NA,3.250478279,3.250478279
457,1/20/12,-1.031239583,NA,3.329515784,3.329515784
458,1/21/12,-0.906145833,NA,3.363087085,3.363087085
459,1/22/12,-1.449072917,NA,3.217382214,3.217382214
460,1/23/12,-0.181138889,NA,3.55765657,3.55765657
461,1/24/12,0.25040625,NA,3.673469964,3.673469964
462,1/25/12,-1.091395833,NA,3.313371703,3.313371703
463,1/26/12,0.601996528,NA,3.767825942,3.767825942
464,1/27/12,2.409725694,NA,4.25296465,4.25296465
465,1/28/12,2.665322917,NA,4.321559055,4.321559055
466,1/29/12,1.000267361,NA,3.87470954,3.87470954
467,1/30/12,1.999263889,NA,4.142809372,4.142809372
468,1/31/12,0.831444444,NA,3.82940268,3.82940268
469,02/01/12,1.188055556,NA,3.925106095,3.925106095
470,02/02/12,0.876048611,NA,3.841373062,3.841373062
471,02/03/12,2.052177083,NA,4.15700964,4.15700964
472,02/04/12,-1.057635417,NA,3.322431957,3.322431957
473,02/05/12,3.365413194,NA,4.509441676,4.509441676
474,02/06/12,2.393256944,NA,4.248544946,4.248544946
475,02/07/12,1.104017361,NA,3.902552838,3.902552838
476,02/08/12,1.159482639,NA,3.917438006,3.917438006
477,02/09/12,0.491065972,NA,3.738055605,3.738055605
478,02/10/12,1.314732639,4.76925,3.959102314,4.76925
479,02/11/12,2.667819444,4.064333333,4.322229046,4.064333333
480,02/12/12,2.539486111,4.549302083,4.287788341,4.549302083
481,2/13/12,4.217954861,4.158541667,4.738237543,4.158541667
482,2/14/12,2.690506944,3.998833333,4.328317671,3.998833333
483,2/15/12,-1.05371875,3.674677083,3.323483069,3.674677083
484,2/16/12,-2.633538194,4.30415625,2.899508295,4.30415625
485,2/17/12,-5.168329861,4.163520833,2.219248455,4.163520833
486,2/18/12,0.587565972,4.719416667,3.763953226,4.719416667
487,2/19/12,1.003947917,4.874666667,3.875697288,4.874666667
488,2/20/12,2.180663194,4.733302083,4.191491346,4.733302083
489,2/21/12,2.507263889,4.881427083,4.279140891,4.881427083
490,2/22/12,1.611753472,4.374010417,4.038813537,4.374010417
491,2/23/12,1.413493056,3.83259375,3.985606561,3.83259375
492,2/24/12,1.731760417,4.658614583,4.071019697,4.658614583
493,2/25/12,3.459461806,3.796072917,4.53468142,3.796072917
494,2/26/12,0.873600694,4.029052083,3.840716117,4.029052083
495,2/27/12,1.266628472,4.441,3.94619264,4.441
496,2/28/12,0.654996528,4.494,3.782049506,4.494
497,2/29/12,-0.199100694,3.6076875,3.552836175,3.6076875
498,03/01/12,3.291381944,3.769229167,4.489573973,3.769229167
499,03/02/12,1.436666667,3.782760417,3.991825643,3.782760417
500,03/03/12,-0.357965278,4.4735,3.510201825,4.4735
501,03/04/12,1.610135417,4.738916667,4.038379301,4.738916667
502,03/05/12,1.256618056,4.318677083,3.943506154,4.318677083
503,03/06/12,1.611190972,3.0633125,4.03866258,3.0633125
504,03/07/12,2.243565972,3.815822917,4.20837251,3.815822917
505,03/08/12,1.118451389,2.8361875,3.906426485,2.8361875
506,03/09/12,4.072434028,4.01246875,4.699184243,4.01246875
507,03/10/12,1.62553,4.14926,4.042510732,4.14926
508,03/12/12,3.0155,4.627333333,4.415535775,4.627333333
509,3/13/12,4.464989583,4.241270833,4.804534037,4.241270833
510,3/14/12,3.386038194,4.508166667,4.514976789,4.508166667
511,3/15/12,2.801006944,4.715083333,4.35797246,4.715083333
512,3/16/12,3.250121528,4.843552083,4.478500951,4.843552083
513,3/17/12,1.202496528,4.811239583,3.928981606,4.811239583
514,3/18/12,-0.213732639,4.183677083,3.548909413,4.183677083
515,3/19/12,2.969163194,3.81578125,4.403100407,3.81578125
516,3/20/12,3.533715278,4.28321875,4.55460876,4.28321875
517,3/21/12,3.08975,4.43775,4.435462183,4.43775
518,3/22/12,3.756024306,4.59478125,4.614269641,4.59478125
519,3/23/12,5.990159722,3.11871875,5.213842625,3.11871875
520,3/24/12,6.47146875,3.87078125,5.343011111,3.87078125
521,3/25/12,6.068083333,3.386125,5.234754916,3.386125
522,3/26/12,5.874569444,3.785770833,5.182821762,3.785770833
523,3/27/12,6.05475,3.957145833,5.231176661,3.957145833
524,3/28/12,6.094045139,4.58065625,5.241722264,4.58065625
525,3/29/12,6.397291667,4.875510417,5.323104271,4.875510417
526,3/30/12,6.378,5.0793125,5.317926983,5.0793125
527,3/31/12,6.438385417,5.1891875,5.334132565,5.1891875
528,04/01/12,6.59434375,5.216770833,5.375986968,5.216770833
529,04/02/12,6.691489583,4.60021875,5.402057911,4.60021875
530,04/03/12,6.8861875,5.026395833,5.454308822,5.026395833
531,04/04/12,6.572614583,5.066333333,5.37015553,5.066333333
532,04/05/12,6.924579861,5.130875,5.464612147,5.130875
533,04/06/12,6.827659722,5.18225,5.438601773,5.18225
534,04/07/12,6.373010417,5.153364583,5.316587933,5.153364583
535,04/08/12,5.954909722,4.78284375,5.204382613,4.78284375
536,04/09/12,6.265784722,4.82546875,5.287811867,4.82546875
537,04/10/12,6.60284375,4.734614583,5.378268106,4.734614583
538,04/11/12,6.490607639,4.649885417,5.348147398,4.649885417
539,04/12/12,6.856482639,4.753958333,5.446336954,4.753958333
540,4/13/12,7.375954861,5.2290625,5.585747264,5.2290625
541,4/14/12,7.257357639,5.46490625,5.55391943,5.46490625
542,4/15/12,6.21315625,5.353114583,5.273688009,5.353114583
543,4/16/12,5.613177083,5.00753125,5.112672121,5.00753125
544,4/17/12,4.951600694,5.0003125,4.935125439,5.0003125
545,4/18/12,3.601670139,4.76846875,4.572845747,4.76846875
546,4/19/12,3.788302083,4.818270833,4.622932,4.818270833
547,4/20/12,5.001333333,5.183989583,4.948472144,5.183989583
548,4/21/12,5.227208333,5.3334375,5.009090022,5.3334375
549,4/22/12,5.046930556,5.347895833,4.960709031,5.347895833
550,4/23/12,5.085517361,5.306770833,4.971064539,5.306770833
551,4/24/12,5.504097222,5.27559375,5.083398453,5.27559375
552,4/25/12,5.572576389,5.43403125,5.101776148,5.43403125
553,4/26/12,4.875253472,5.3255625,4.914636201,5.3255625
554,4/27/12,6.467645833,5.5719375,5.341985158,5.5719375
555,4/28/12,5.679399306,4.780427083,5.130444121,4.780427083
556,4/29/12,5.503864583,5.533427083,5.08333602,5.533427083
557,4/30/12,4.512208333,5.429916667,4.817206092,5.429916667
558,05/01/12,5.623444444,5.60284375,5.115427564,5.60284375
559,05/02/12,5.4610625,5.703885417,5.071849262,5.703885417
560,05/03/12,8.156288194,5.854979167,5.795164644,5.854979167
561,05/04/12,6.399166667,6.088416667,5.323607463,6.088416667
562,05/05/12,6.121572917,5.804708333,5.24910987,5.804708333
563,05/06/12,4.649513889,5.649927083,4.854054665,5.649927083
564,05/07/12,4.290003472,5.812854167,4.757573167,5.812854167
565,05/08/12,3.806013889,5.599166667,4.627685302,5.599166667
566,05/09/12,4.555743056,6.063583333,4.828889468,6.063583333
567,05/10/12,3.833357639,5.914239583,4.63502352,5.914239583
568,05/11/12,5.947930556,6.172260417,5.20250962,6.172260417
569,05/12/12,5.899791667,6.122958333,5.189590628,6.122958333
570,5/13/12,2.925354167,6.036833333,4.391343416,6.036833333
571,5/14/12,-1.379590278,4.307322917,3.23602921,4.307322917
572,5/15/12,1.632975694,4.94909375,4.044508927,4.94909375
573,5/16/12,5.066260417,5.60459375,4.965896569,5.60459375
574,5/17/12,5.872166667,6.436697917,5.182176931,6.436697917
575,5/18/12,5.541409722,6.295739583,5.093411976,6.295739583
576,5/19/12,6.582364583,6.124645833,5.372772129,6.124645833
577,5/20/12,10.08415972,6.782135417,6.312545853,6.782135417
578,5/21/12,10.251625,7.173041667,6.357488364,7.173041667
579,5/22/12,8.970607639,7.094052083,6.013702846,7.094052083
580,5/23/12,9.129621528,7.476520833,6.056377266,7.476520833
581,5/24/12,7.365416667,6.785822917,5.582919138,6.785822917
582,5/25/12,6.962909722,6.538520833,5.474898698,6.538520833
583,5/26/12,7.554458333,6.814666667,5.633652086,6.814666667
584,5/27/12,10.45454861,8.2706875,6.411946798,8.2706875
585,5/28/12,12.05232639,8.932114583,6.840741034,8.932114583
586,5/29/12,10.51754167,8.375791667,6.42885219,8.375791667
587,5/30/12,13.39424306,9.379635417,7.200870046,9.379635417
588,5/31/12,13.97913542,9.207416667,7.357837101,9.207416667
589,06/01/12,14.45562153,9.603270833,7.485711266,9.603270833
590,06/02/12,15.21272917,9.825729167,7.688895586,9.825729167
591,06/03/12,15.64167014,9.942958333,7.804010103,9.942958333
592,06/04/12,14.17960069,9.80459375,7.411635794,9.80459375
593,06/05/12,9.0718125,8.41903125,6.040863107,8.41903125
594,06/06/12,7.659659722,7.2128125,5.661884891,7.2128125
595,06/07/12,7.266604167,7.14109375,5.556400913,7.14109375
596,06/08/12,11.73154514,8.799989583,6.754653248,8.799989583
597,06/09/12,12.19752431,9.212239583,6.879707673,9.212239583
598,06/10/12,10.92683333,9.1874375,6.538693439,9.1874375
599,06/11/12,11.79391319,9.647645833,6.771390909,9.647645833
600,06/12/12,10.82795139,9.227072917,6.512156577,9.227072917
601,6/13/12,10.24682292,8.5979375,6.356199634,8.5979375
602,6/14/12,11.31168403,8.886645833,6.641975486,8.886645833
603,6/15/12,11.70005903,8.7080625,6.746203348,8.7080625
604,6/16/12,9.72484375,8.490385417,6.216116537,8.490385417
605,6/17/12,8.961472222,8.277604167,6.011251183,8.277604167
606,6/18/12,11.53589931,9.222364583,6.702147946,9.222364583
607,6/19/12,7.116024306,8.08275,5.515989926,8.08275
608,6/20/12,9.527295139,8.612302083,6.163100588,8.612302083
609,6/21/12,12.58100694,9.7728125,6.982622576,9.7728125
610,6/22/12,14.02359375,10.06926042,7.369768346,10.06926042
611,6/23/12,16.15882292,11.47664583,7.942797945,11.47664583
612,6/24/12,13.67020139,10.89940625,7.274928744,10.89940625
613,6/25/12,11.85169792,9.617614583,6.786898545,9.617614583
614,6/26/12,14.28304167,10.37920833,7.439396158,10.37920833
615,6/27/12,12.26644444,9.816458333,6.898203711,9.816458333
616,6/28/12,14.33309375,10.6356875,7.452828592,10.6356875
617,6/29/12,14.1318125,11.25972917,7.398810918,11.25972917
618,6/30/12,13.71846181,10.58626042,7.287880351,10.58626042
619,07/01/12,8.949048611,9.215239583,6.007917069,9.215239583
620,07/02/12,11.88559028,10.17125,6.795994209,10.17125
621,07/03/12,11.43787847,10.03163542,6.67584218,10.03163542
622,07/04/12,12.42903125,10.53529167,6.941836991,10.53529167
623,07/05/12,13.09805208,9.867979167,7.121381532,9.867979167
624,07/06/12,12.12042361,9.81596875,6.859016227,9.81596875
625,07/07/12,12.59796528,10.618,6.987173669,10.618
626,07/08/12,13.60752431,11.37086458,7.25810815,11.37086458
627,07/09/12,14.97003819,11.55901042,7.62376482,11.55901042
628,07/10/12,14.57166667,10.62363542,7.516854199,10.62363542
629,07/11/12,14.40288889,11.17503125,7.471559453,11.17503125
630,07/12/12,15.03684028,10.96977083,7.641692438,10.96977083
631,7/13/12,14.20570833,11.00519792,7.418642279,11.00519792
632,7/14/12,12.16903472,10.3555,6.872061948,10.3555
633,7/15/12,14.82620833,10.41829167,7.585165325,10.41829167
634,7/16/12,17.38666667,11.67827083,8.272313307,11.67827083
635,7/17/12,16.14128125,12.01873958,7.938090303,12.01873958
636,7/18/12,11.54838889,10.56529167,6.705499764,10.56529167
637,7/19/12,12.25153125,10.47227083,6.89420147,10.47227083
638,7/20/12,11.95521181,10.43308333,6.814678478,10.43308333
639,7/21/12,10.31270139,9.684333333,6.373879382,9.684333333
640,7/22/12,11.42302431,10.08402083,6.67185578,10.08402083
641,7/23/12,13.20545486,10.84311458,7.150205122,10.84311458
642,7/24/12,12.7956875,10.7199375,7.040236211,10.7199375
643,7/25/12,11.26985243,10.17734375,6.630749177,10.17734375
644,7/26/12,11.61945833,9.219090909,6.72457261,9.219090909
645,7/27/12,13.6360625,12.71490909,7.26576692,12.71490909
646,7/28/12,14.30795486,11.17880208,7.446082091,11.17880208
647,7/29/12,10.82434375,10.03563542,6.511188399,10.03563542
648,7/30/12,11.48552431,10.3286875,6.688628851,10.3286875
649,7/31/12,14.26540278,11.31714583,7.434662425,11.31714583
650,08/01/12,15.24226736,12.08942708,7.696822726,12.08942708
651,08/02/12,14.24498958,11.9655,7.429184154,11.9655
652,08/03/12,12.51140278,11.44688542,6.963942966,11.44688542
653,08/04/12,13.96217014,11.67427083,7.353284145,11.67427083
654,08/05/12,11.50174653,11.00516667,6.692982394,11.00516667
655,08/06/12,12.60172222,10.68330208,6.988181917,10.68330208
656,08/07/12,11.28980903,10.80516667,6.636104911,10.80516667
657,08/08/12,11.31066319,10.82478125,6.641701526,10.82478125
658,08/09/12,12.09721528,11.43604167,6.852787826,11.43604167
659,08/10/12,11.92339583,10.91709375,6.806140053,10.91709375
660,08/11/12,12.35350347,10.68725,6.921567667,10.68725
661,08/12/12,11.36311806,9.368114583,6.655778792,9.368114583
662,8/13/12,12.50480556,9.30071875,6.962172476,9.30071875
663,8/14/12,11.85736806,9.7275,6.788420235,9.7275
664,8/15/12,12.79419792,9.889,7.039836453,9.889
665,8/16/12,14.58786111,10.60864583,7.521200288,10.60864583
666,8/17/12,13.63203125,10.62113542,7.264685057,10.62113542
667,8/18/12,14.57314931,10.47598958,7.517252094,10.47598958
668,8/19/12,10.9380625,9.4135625,6.541707001,9.4135625
669,8/20/12,11.79730903,9.74334375,6.772302246,9.74334375
670,8/21/12,13.00661806,10.58503125,7.096843461,10.58503125
671,8/22/12,12.63572222,10.396125,6.997306468,10.396125
672,8/23/12,11.65855556,9.9621875,6.735065097,9.9621875
673,8/24/12,10.27493403,9.758552083,6.363743788,9.758552083
674,8/25/12,6.99840625,8.516770833,5.484424871,8.516770833
675,8/26/12,8.241083333,8.782989583,5.817921041,8.782989583
676,8/27/12,7.127583333,8.08403125,5.519092012,8.08403125
677,8/28/12,6.105996528,7.538427083,5.244929648,7.538427083
678,8/29/12,6.45853125,7.367697917,5.339539085,7.367697917
679,8/30/12,7.380239583,7.964177083,5.586897151,7.964177083
680,8/31/12,9.245513889,8.474552083,6.087479198,8.474552083
681,09/01/12,9.105298611,8.895291667,6.049849746,8.895291667
682,09/02/12,10.27997569,8.9635625,6.365096816,8.9635625
683,09/03/12,8.920517361,8.701614583,6.000260162,8.701614583
684,09/04/12,6.234267361,7.8793125,5.27935358,7.8793125
685,09/05/12,6.766802083,7.870260417,5.422269461,7.870260417
686,09/06/12,6.506197917,7.727114583,5.352331347,7.727114583
687,09/07/12,5.512152778,7.248614583,5.085560315,7.248614583
688,09/08/12,4.577,6.875947917,4.834594176,6.875947917
689,09/09/12,4.7175625,7.333729167,4.872316812,7.333729167
690,09/10/12,1.027177083,5.596104167,3.881931279,5.596104167
691,09/11/12,3.69759375,5.641854167,4.598588683,5.641854167
692,09/12/12,4.429670139,6.16425,4.795055389,6.16425
693,9/13/12,7.497461806,7.16734375,5.618355977,7.16734375
694,9/14/12,5.190284722,6.81890625,4.999180865,6.81890625
695,9/15/12,4.690503472,7.189291667,4.865055004,7.189291667
696,9/16/12,4.208350694,6.684020833,4.735660081,6.684020833
697,9/17/12,3.369947917,6.278395833,4.510658655,6.278395833
698,9/18/12,5.839538194,6.346822917,5.173420456,6.346822917
699,9/19/12,5.623826389,6.393322917,5.115530066,6.393322917
700,9/20/12,5.871267361,6.401635417,5.181935585,6.401635417
701,9/21/12,6.677045139,6.845708333,5.398181468,6.845708333
702,9/22/12,7.197482639,7.218270833,5.537850828,7.218270833
703,9/23/12,6.5123125,7.081385417,5.353972313,7.081385417
704,9/24/12,6.841010417,7.095135417,5.442184687,7.095135417
705,9/25/12,6.558666667,6.924635417,5.36641234,6.924635417
706,9/26/12,5.56721875,7.192364583,5.100338323,7.192364583
707,9/27/12,2.791475694,6.18496875,4.355414567,6.18496875
708,9/28/12,2.976819444,6.17165625,4.405155108,6.17165625
709,9/29/12,2.934784722,5.51303125,4.393874286,5.51303125
710,9/30/12,6.3100625,6.329989583,5.299694655,6.329989583
711,10/01/12,6.228649306,6.214895833,5.277845867,6.214895833
712,10/02/12,5.335423611,5.900447917,5.038131662,5.900447917
713,10/03/12,2.590111111,5.148083333,4.301374528,5.148083333
714,10/04/12,5.800826389,5.874583333,5.163031402,5.874583333
715,10/05/12,5.537746528,5.689885417,5.092428888,5.689885417
716,10/06/12,5.237923611,6.265010417,5.011965672,6.265010417
717,10/07/12,2.782923611,5.384958333,4.353119452,5.384958333
718,10/08/12,3.808222222,5.587302083,4.62827795,5.587302083
719,10/09/12,6.249100694,6.310895833,5.283334389,6.310895833
720,10/10/12,6.621791667,6.336854167,5.383353142,6.336854167
721,10/11/12,5.003604167,6.276270833,4.949081566,6.276270833
722,10/12/12,4.202409722,6.047875,4.734065708,6.047875
723,10/13/12,4.889979167,6.1330625,4.918588123,6.1330625
724,10/14/12,3.825041667,5.772,4.63279177,5.772
725,10/15/12,3.107329861,5.0793125,4.440180075,5.0793125
726,10/16/12,2.060361111,4.933739583,4.15920598,4.933739583
727,10/17/12,1.29421875,4.249854167,3.953597019,4.249854167
728,10/18/12,-0.574256944,3.779072917,3.452155818,3.779072917
729,10/19/12,1.467753472,3.827791667,4.000168382,3.827791667
730,10/20/12,1.601340278,4.216052083,4.036018957,4.216052083
731,10/21/12,2.373534722,4.500489583,4.243252111,4.500489583
732,10/22/12,4.448805556,5.138916667,4.800190744,5.138916667
733,10/23/12,4.394097222,5.496510417,4.785508716,5.496510417
734,10/24/12,3.635326389,5.506895833,4.581878046,5.506895833
735,10/25/12,2.849600694,5.361125,4.371013523,5.361125
736,10/26/12,0.263663194,4.553291667,3.677027719,4.553291667
737,10/27/12,4.468510417,5.3495625,4.80547892,5.3495625
738,10/28/12,2.150649306,4.523322917,4.183436545,4.523322917
739,10/29/12,3.243631944,4.987895833,4.476759347,4.987895833
740,10/30/12,-1.168482639,3.822614583,3.292683984,3.822614583
741,10/31/12,-0.908965278,3.174822917,3.362330433,3.174822917
742,11/01/12,-3.333083333,2.455114583,2.711771973,2.455114583
743,11/02/12,-3.516434028,1.929166667,2.662566306,1.929166667
744,11/03/12,-1.636274306,2.484375,3.16714314,2.484375
745,11/04/12,-0.819869565,2.921706522,3.386240972,2.921706522
746,11/04/12,-0.819869565,4.7545625,3.386240972,4.7545625
747,11/04/12,5.422895833,2.921706522,5.061606507,2.921706522
748,11/04/12,5.422895833,4.7545625,5.061606507,4.7545625
749,11/05/12,1.323440972,4.06975,3.961439362,4.06975
750,11/06/12,2.411739583,4.329510417,4.253505116,4.329510417
751,11/07/12,1.889284722,4.36425,4.113294358,4.36425
752,11/08/12,2.143920139,3.6445,4.181630644,3.6445
753,11/09/12,-4.522454861,2.3204375,2.392581368,2.3204375
754,11/10/12,-1.829402778,2.354104167,3.11531342,2.354104167
755,11/11/12,2.5563125,3.148947917,4.292304024,3.148947917
756,11/12/12,3.396274306,4.07284375,4.517723845,4.07284375
757,11/13/12,2.049875,4.246489583,4.156391832,4.246489583
758,11/14/12,1.452694444,3.62359375,3.996127004,3.62359375
759,11/15/12,-2.274722222,3.7265,2.995803427,3.7265
760,11/16/12,-4.393649306,2.8706875,2.427148803,2.8706875
761,11/17/12,-3.944465278,2.57425,2.547695931,2.57425
762,11/18/12,-2.938840278,2.1196875,2.81757464,2.1196875
763,11/19/12,-1.444243056,1.693125,3.2186784,1.693125
764,11/20/12,-0.794329861,2.087635417,3.39309504,2.087635417
765,11/21/12,1.832975694,3.098135417,4.098182753,3.098135417
766,11/22/12,1.002666667,3.631385417,3.87535344,3.631385417
767,11/23/12,1.2165,3.67284375,3.932739706,3.67284375
768,11/24/12,-0.892982639,3.505739583,3.36661968,3.505739583
769,11/25/12,-1.048805556,3.018833333,3.324801619,3.018833333
770,11/26/12,1.932628472,3.4780625,4.124926483,3.4780625
771,11/27/12,2.778284722,3.7200625,4.351874517,3.7200625
772,11/28/12,2.572819444,3.7901875,4.296733979,3.7901875
773,11/29/12,-0.565847222,3.279510417,3.454412728,3.279510417
774,11/30/12,-0.144743056,2.487229167,3.567424088,2.487229167
775,12/01/12,1.094003472,2.0856875,3.899865419,2.0856875
776,12/02/12,0.146607639,3.358822917,3.645613621,3.358822917
777,12/03/12,1.827253472,3.865197917,4.096647085,3.865197917
778,12/04/12,0.943965278,2.41453125,3.859599799,2.41453125
779,12/05/12,0.481975694,2.270739583,3.735616055,2.270739583
780,12/06/12,1.332069444,2.517927083,3.963754977,2.517927083
781,12/07/12,2.886423611,1.922802083,4.380895657,1.922802083
782,12/08/12,5.786059028,3.359260417,5.159068298,3.359260417
783,12/09/12,5.104597222,3.69284375,4.976184985,3.69284375
784,12/10/12,4.033732639,3.8164375,4.688797985,3.8164375
785,12/11/12,1.228274306,3.52721875,3.935899566,3.52721875
786,12/12/12,-1.28153125,2.969302083,3.262345226,2.969302083
787,12/13/12,-1.400131944,2.323791667,3.230516461,2.323791667
788,12/14/12,-0.286322917,1.939135417,3.529428423,1.939135417
789,12/15/12,-0.109684028,2.344020833,3.576832849,2.344020833
790,12/16/12,-1.62090625,2.77678125,3.171267452,2.77678125
791,12/17/12,-2.813267361,3.087645833,2.851274535,3.087645833
792,12/18/12,3.169586806,3.047895833,4.456887918,3.047895833
793,12/19/12,4.550677083,3.157208333,4.827529917,3.157208333
794,12/20/12,3.800625,3.246645833,4.62623909,3.246645833
795,12/21/12,4.01528125,3.350364583,4.683846202,3.350364583
796,12/22/12,1.558829861,3.071885417,4.024610474,3.071885417
797,12/23/12,-0.924868056,2.352770833,3.358062618,2.352770833
798,12/24/12,-3.477822917,1.799447917,2.672928337,1.799447917
799,12/25/12,-3.937284722,1.314104167,2.549622971,1.314104167
800,12/26/12,-0.318086806,1.778583333,3.520903976,1.778583333
801,12/27/12,1.478760417,1.972614583,4.003122306,1.972614583
802,12/28/12,0.970322917,1.84315625,3.866673376,1.84315625
803,12/29/12,-3.159,2.493541667,2.758490566,2.493541667
804,12/30/12,-3.155381944,1.796135417,2.759461541,1.796135417
805,12/31/12,-2.205670139,2.581239583,3.014334874,2.581239583
806,01/01/13,2.667756944,2.143114583,4.322212273,2.143114583
807,01/02/13,3.125868056,2.932729167,4.445155155,2.932729167
808,01/03/13,4.082954861,2.7645625,4.70200771,2.7645625
809,01/04/13,2.761923611,3.09446875,4.3474837,3.09446875
810,01/05/13,2.376597222,3.722041667,4.244073991,3.722041667
811,01/06/13,2.097628472,3.919125,4.16920739,3.919125
812,01/07/13,2.652256944,3.8371875,4.318052552,3.8371875
813,01/08/13,2.751208333,3.874822917,4.34460805,3.874822917
814,01/09/13,2.331475694,3.59459375,4.231964766,3.59459375
815,01/10/13,3.147034722,4.036854167,4.450835635,4.036854167
816,01/11/13,0.808541667,4.1174375,3.823256282,4.1174375
817,01/12/13,-1.321399306,3.889354167,3.251645871,3.889354167
818,1/13/13,-3.325225694,2.7429375,2.713880721,2.7429375
819,1/14/13,0.946013889,1.317114583,3.860149583,1.317114583
820,1/15/13,1.775309028,3.3501875,4.0827068,3.3501875
821,1/16/13,2.325701389,3.658385417,4.23041512,3.658385417
822,1/17/13,3.254704861,3.327416667,4.479730976,3.327416667
823,1/18/13,1.171809028,3.89275,3.920746028,3.89275
824,1/19/13,0.788697917,3.3874375,3.817930832,3.3874375
825,1/20/13,1.187795139,3.561083333,3.925036207,3.561083333
826,1/21/13,1.092638889,3.484125,3.899499207,3.484125
827,1/22/13,0.082663194,2.7944375,3.628452906,2.7944375
828,1/23/13,0.206982639,2.482135417,3.661816407,2.482135417
829,1/24/13,-1.841434028,3.287177083,3.112084603,3.287177083
830,1/25/13,0.351538194,1.388958333,3.700610656,1.388958333
831,1/26/13,2.036944444,1.265427083,4.15292167,1.265427083
832,1/27/13,1.687434028,2.58003125,4.059123862,2.58003125
833,1/28/13,0.699392361,2.258833333,3.793963977,2.258833333
834,1/29/13,0.313798611,3.007791667,3.690482517,3.007791667
835,1/30/13,-1.824440972,4.052166667,3.116645015,4.052166667
836,1/31/13,0.740826389,4.16065625,3.805083591,4.16065625
837,02/01/13,1.729847222,3.8725625,4.070506255,3.8725625
838,02/02/13,-1.255447917,1.532375,3.269345188,1.532375
839,02/03/13,0.323013889,3.68828125,3.692955613,3.68828125
840,02/04/13,-0.649729167,4.22940625,3.431901403,4.22940625
841,02/05/13,-0.561236111,4.451802083,3.455650208,4.451802083
842,02/06/13,-0.004611111,3.80790625,3.605031176,3.80790625
843,02/07/13,2.012899306,4.050614583,4.146468697,4.050614583
844,02/08/13,4.460739583,2.98803125,4.803393469,2.98803125
845,02/09/13,3.231447917,3.296604167,4.47348953,3.296604167
846,02/10/13,0.953055556,3.796708333,3.862039349,3.796708333
847,02/11/13,-0.497472222,3.924552083,3.472762467,3.924552083
848,02/12/13,-0.368572917,3.755739583,3.507355062,3.755739583
849,2/13/13,1.002416667,4.27596875,3.875286347,4.27596875
850,2/14/13,-0.151788194,3.858895833,3.56553339,3.858895833
851,2/15/13,-0.904125,3.416177083,3.363629414,3.416177083
852,2/16/13,1.613465278,1.914333333,4.039272933,1.914333333
853,2/17/13,4.542010417,3.712895833,4.825204052,3.712895833
854,2/18/13,5.004166667,3.70925,4.949232523,3.70925
855,2/19/13,5.235454861,3.813020833,5.011303136,3.813020833
856,2/20/13,5.562753472,4.054333333,5.09913998,4.054333333
857,2/21/13,5.426965278,4.058125,5.06269862,4.058125
858,2/22/13,4.52309375,4.0015,4.820127402,4.0015
859,2/23/13,5.059510417,4.169635417,4.964085078,4.169635417
860,2/24/13,6.43140625,3.443041667,5.332259572,3.443041667
861,2/25/13,5.009065972,3.520479167,4.950547346,3.520479167
862,2/26/13,2.873833333,3.944010417,4.377516815,3.944010417
863,2/27/13,3.212354167,4.4701875,4.468365357,4.4701875
864,2/28/13,4.479090278,4.517916667,4.808318228,4.517916667
865,03/01/13,1.061510417,4.420416667,3.891145286,4.420416667
866,03/02/13,-0.150527778,4.41253125,3.565871647,4.41253125
867,03/03/13,-3.943618056,3.394802083,2.547923299,3.394802083
868,03/04/13,-6.4370625,2.243833333,1.878759777,2.243833333
869,03/05/13,-2.803173611,1.939197917,2.853983386,1.939197917
870,03/06/13,0.18278125,4.167083333,3.655321502,4.167083333
871,03/07/13,2.170045139,4.174885417,4.188641788,4.174885417
872,03/08/13,1.517774306,4.171666667,4.01359243,4.171666667
873,03/09/13,0.384586667,4.50335,3.709479846,4.50335
874,03/11/13,0.904725694,4.68753125,3.849069106,4.68753125
875,03/12/13,2.892694444,5.020135417,4.382578555,5.020135417
876,3/13/13,3.690486111,5.1361875,4.596681212,5.1361875
877,3/14/13,2.487909722,4.7266875,4.27394683,4.7266875
878,3/15/13,0.195857639,4.423458333,3.658830801,4.423458333
879,3/16/13,-2.310434028,3.696979167,2.98621948,3.696979167
880,3/17/13,-2.9721875,3.680145833,2.808625275,3.680145833
881,3/18/13,-2.922579861,3.022270833,2.821938434,3.022270833
882,3/19/13,-2.729798611,2.945822917,2.873674971,2.945822917
883,3/20/13,-0.71646875,3.010885417,3.413990559,3.010885417
884,3/21/13,1.632465278,3.261697917,4.044371947,3.261697917
885,3/22/13,3.084892361,3.896385417,4.434158543,3.896385417
886,3/23/13,2.946347222,3.8126875,4.396977304,3.8126875
887,3/24/13,3.195361111,3.912,4.463804946,3.912
888,3/25/13,3.848364583,4.481322917,4.639050921,4.481322917
889,3/26/13,3.822184028,4.658229167,4.632024868,4.658229167
890,3/27/13,3.414916667,4.535083333,4.52272688,4.535083333
891,3/28/13,4.225038194,4.692947917,4.740138491,4.692947917
892,3/29/13,4.565444444,4.933572917,4.831493021,4.933572917
893,3/30/13,4.33675,4.734895833,4.770118492,4.734895833
894,3/31/13,5.452697917,4.8559375,5.069604466,4.8559375
895,04/01/13,5.945038194,5.0135,5.201733399,5.0135
896,04/02/13,5.886194444,5.259135417,5.185941553,5.259135417
897,04/03/13,6.024163194,5.6004375,5.222968107,5.6004375
898,04/04/13,6.593427083,5.7750625,5.375740963,5.7750625
899,04/05/13,3.432215278,4.989375,4.527369293,4.989375
900,04/06/13,1.57546875,4.495895833,4.029075838,4.495895833
901,04/07/13,2.564128472,4.91803125,4.29440159,4.91803125
902,04/08/13,3.114774306,5.24465625,4.442177935,5.24465625
903,04/09/13,2.925326389,5.477458333,4.391335961,5.477458333
904,04/10/13,-2.435597222,4.202197917,2.952629542,4.202197917
905,04/11/13,-3.704996528,3.01075,2.611961952,3.01075
906,04/12/13,-4.97271875,2.53925,2.271744439,2.53925
907,4/13/13,-1.985788194,2.875854167,3.073344401,2.875854167
908,4/14/13,2.588194444,3.09034375,4.300860154,3.09034375
909,4/15/13,3.271725694,4.061802083,4.484298843,4.061802083
910,4/16/13,4.796927083,4.882302083,4.893615816,4.882302083
911,4/17/13,2.683215278,4.3510625,4.326360813,4.3510625
912,4/18/13,-0.106788194,4.057020833,3.577610001,4.057020833
913,4/19/13,1.322111111,3.582885417,3.961082468,3.582885417
914,4/20/13,3.26103125,4.03671875,4.481428784,4.03671875
915,4/21/13,3.905774306,4.737125,4.654457918,4.737125
916,4/22/13,3.183659722,2.393260417,4.460664654,2.393260417
917,4/23/13,3.484809028,4.051822917,4.541483832,4.051822917
918,4/24/13,2.136190972,4.555270833,4.179556374,4.555270833
919,4/25/13,-0.132798611,4.197625,3.570629608,4.197625
920,4/26/13,1.222986111,4.41296875,3.934480378,4.41296875
921,4/27/13,2.908600694,4.23065625,4.386847301,4.23065625
922,4/28/13,2.252038194,4.4170625,4.210646193,4.4170625
923,4/29/13,0.063951389,4.065864583,3.623431235,4.065864583
924,4/30/13,-1.596107639,3.761145833,3.177922634,3.761145833
925,05/01/13,-1.509565972,3.781385417,3.201147746,3.781385417
926,05/02/13,0.479822917,3.764916667,3.735038316,3.764916667
927,05/03/13,3.65959375,4.1809375,4.588390656,4.1809375
928,05/04/13,3.911041667,4.355604167,4.655871515,4.355604167
929,05/05/13,2.872131944,4.755114583,4.377060215,4.755114583
930,05/06/13,4.835777778,5.096166667,4.904042143,5.096166667
931,05/07/13,5.321451389,5.254791667,5.034381949,5.254791667
932,05/08/13,7.699708333,5.972239583,5.672632702,5.972239583
933,05/09/13,7.308548611,6.17040625,5.567657507,6.17040625
934,05/10/13,5.996104167,5.62984375,5.21543793,5.62984375
935,05/11/13,6.388541667,5.480708333,5.320756041,5.480708333
936,05/12/13,5.828875,6.093302083,5.170558784,6.093302083
937,5/13/13,6.371114583,6.2146875,5.31607915,6.2146875
938,5/14/13,6.64940625,6.52075,5.390764043,6.52075
939,5/15/13,5.108142361,6.093614583,4.97713639,6.093614583
940,5/16/13,6.620420139,6.600010417,5.382985066,6.600010417
941,5/17/13,8.155638889,7.199072917,5.79499039,7.199072917
942,5/18/13,6.026885417,6.953291667,5.223698667,6.953291667
943,5/19/13,4.592055556,6.010625,4.838634622,6.010625
944,5/20/13,4.744104167,5.7994375,4.879439776,5.7994375
945,5/21/13,2.569520833,5.767666667,4.295848733,5.767666667
946,5/22/13,3.412607639,6.211708333,4.522107208,6.211708333
947,5/23/13,3.922763889,6.05309375,4.659017398,6.05309375
948,5/24/13,7.0596875,6.0756875,5.500870866,6.0756875
949,5/25/13,4.579006944,5.861333333,4.835132778,5.861333333
950,5/26/13,4.571329861,5.997802083,4.833072485,5.997802083
951,5/27/13,4.478805556,6.086291667,4.808241818,6.086291667
952,5/28/13,8.462520833,6.862604167,5.877348031,6.862604167
953,5/29/13,7.027256944,7.305927083,5.492167506,7.305927083
954,5/30/13,5.403208333,6.630677083,5.056322989,6.630677083
955,5/31/13,5.163583333,6.047,4.992015036,6.047
956,06/01/13,5.71759375,6.3115625,5.140694331,6.3115625
957,06/02/13,7.149423611,6.858666667,5.524953269,6.858666667
958,06/03/13,7.786652778,6.921125,5.695965907,6.921125
959,06/04/13,7.662246528,6.75084375,5.66257911,6.75084375
960,06/05/13,8.996774306,7.090083333,6.020725172,7.090083333
961,06/06/13,8.840420139,7.409760417,5.97876454,7.409760417
962,06/07/13,7.656677083,7.40765625,5.661084443,7.40765625
963,06/08/13,8.435097222,7.292552083,5.86998838,7.292552083
964,06/09/13,8.758243056,7.352197917,5.956710747,7.352197917
965,06/10/13,9.255197917,7.549572917,6.090078092,7.549572917
966,06/11/13,7.907107639,7.489645833,5.728292274,7.489645833
967,06/12/13,8.667284722,7.413895833,5.932300338,7.413895833
968,6/13/13,8.0896875,7.519760417,5.777291073,7.519760417
969,6/14/13,9.298740385,7.976947917,6.101763547,7.976947917
970,6/15/13,NA,8.233479167,NA,8.233479167
971,6/16/13,NA,7.957083333,NA,7.957083333
972,6/17/13,NA,7.751583333,NA,7.751583333
973,6/18/13,NA,7.4246875,NA,7.4246875
974,6/19/13,NA,7.732666667,NA,7.732666667
975,6/20/13,NA,8.595677083,NA,8.595677083
976,6/21/13,NA,8.94425,NA,8.94425
977,6/22/13,NA,9.016708333,NA,9.016708333
978,6/23/13,NA,9.387239583,NA,9.387239583
979,6/24/13,NA,8.834875,NA,8.834875
980,6/25/13,NA,8.3448125,NA,8.3448125
981,6/26/13,NA,8.250604167,NA,8.250604167
982,6/27/13,NA,7.557416667,NA,7.557416667
983,6/28/13,NA,7.467177083,NA,7.467177083
984,6/29/13,NA,7.56740625,NA,7.56740625
985,6/30/13,NA,8.063791667,NA,8.063791667
986,07/01/13,NA,7.96096875,NA,7.96096875
987,07/02/13,NA,7.876114583,NA,7.876114583
988,07/03/13,NA,8.220458333,NA,8.220458333
989,07/04/13,NA,8.663645833,NA,8.663645833
990,07/05/13,NA,8.186114583,NA,8.186114583
991,07/06/13,NA,7.836,NA,7.836
992,07/07/13,NA,7.743302083,NA,7.743302083
993,07/08/13,NA,7.862260417,NA,7.862260417
994,07/09/13,NA,8.283541667,NA,8.283541667
995,07/10/13,NA,8.243458333,NA,8.243458333
996,07/11/13,NA,8.67675,NA,8.67675
997,07/12/13,NA,8.362104167,NA,8.362104167
998,7/13/13,NA,7.804010417,NA,7.804010417
999,7/14/13,NA,7.9515625,NA,7.9515625
1000,7/15/13,NA,7.9715625,NA,7.9715625
1001,7/16/13,NA,8.091395833,NA,8.091395833
1002,7/17/13,NA,8.410177083,NA,8.410177083
1003,7/18/13,NA,8.272416667,NA,8.272416667
1004,7/19/13,NA,8.234083333,NA,8.234083333
1005,7/20/13,NA,8.036354167,NA,8.036354167
1006,7/21/13,NA,8.331666667,NA,8.331666667
1007,7/22/13,NA,8.19565625,NA,8.19565625
1008,7/23/13,NA,8.8446875,NA,8.8446875
1009,7/24/13,NA,9.5050625,NA,9.5050625
1010,7/25/13,NA,9.85196875,NA,9.85196875
1011,7/26/13,NA,10.08119792,NA,10.08119792
1012,7/27/13,NA,10.13809375,NA,10.13809375
1013,7/28/13,NA,9.967322917,NA,9.967322917
1014,7/29/13,NA,9.579045455,NA,9.579045455
1015,7/30/13,NA,9.787583333,NA,9.787583333
1016,7/31/13,NA,9.303166667,NA,9.303166667
1017,08/01/13,NA,8.347458333,NA,8.347458333
1018,08/02/13,NA,8.722291667,NA,8.722291667
1019,08/03/13,NA,8.969125,NA,8.969125
1020,08/04/13,NA,8.621458333,NA,8.621458333
1021,08/05/13,NA,7.856875,NA,7.856875
1022,08/06/13,NA,8.037,NA,8.037
1023,08/07/13,NA,8.273333333,NA,8.273333333
1024,08/08/13,NA,8.044625,NA,8.044625
1025,08/09/13,NA,8.044833333,NA,8.044833333
1026,08/10/13,NA,8.182166667,NA,8.182166667
1027,08/11/13,NA,8.583,NA,8.583
1028,08/12/13,NA,8.84725,NA,8.84725
1029,8/13/13,NA,8.551541667,NA,8.551541667
1030,8/14/13,NA,8.57675,NA,8.57675
1031,8/15/13,NA,8.444,NA,8.444
1032,8/16/13,NA,8.153,NA,8.153
1033,8/17/13,NA,8.243458333,NA,8.243458333
1034,8/18/13,NA,8.044708333,NA,8.044708333
1035,8/19/13,NA,7.794375,NA,7.794375
1036,8/20/13,NA,7.743708333,NA,7.743708333
1037,8/21/13,NA,7.794625,NA,7.794625
1038,8/22/13,NA,8.098833333,NA,8.098833333
1039,8/23/13,NA,8.207,NA,8.207
1040,8/24/13,NA,8.16125,NA,8.16125
1041,8/25/13,NA,7.915458333,NA,7.915458333
1042,8/26/13,NA,7.786166667,NA,7.786166667
1043,8/27/13,NA,7.589916667,NA,7.589916667
1044,8/28/13,NA,7.706791667,NA,7.706791667
1045,8/29/13,NA,7.874,NA,7.874
1046,8/30/13,NA,7.656625,NA,7.656625
1047,8/31/13,NA,6.914041667,NA,6.914041667
1048,09/01/13,NA,7.233708333,NA,7.233708333
1049,09/02/13,NA,7.116458333,NA,7.116458333
1050,09/03/13,NA,6.930875,NA,6.930875
1051,09/04/13,NA,7.116375,NA,7.116375
1052,09/05/13,NA,7.023083333,NA,7.023083333
1053,09/06/13,NA,6.989875,NA,6.989875
1054,09/07/13,NA,7.183666667,NA,7.183666667
1055,09/08/13,NA,7.263125,NA,7.263125
1056,09/09/13,NA,7.4475,NA,7.4475
1057,09/10/13,NA,7.296791667,NA,7.296791667
1058,09/11/13,NA,7.217846154,NA,7.217846154
